insert into admin_sistema (nombre, apellido, nombre_usuario, clave) values ('Gustavo', 'Heredia', 'gus94', 1234);
insert into admin_sistema (nombre, apellido, nombre_usuario, clave) values ('Denise', 'Caseres', 'denise_dba', 1234);

insert into deposito (nombre) values ('depo01');

insert into admin_stock (nombre, apellido, nombre_usuario, clave, deposito_iddeposito, admin_sistema_nombre_usuario) values ('Gerik', 'Reichartz', 'greichartz0', 'CkNjUjfvua', 1, 'denise_dba');
insert into admin_stock (nombre, apellido, nombre_usuario, clave, deposito_iddeposito, admin_sistema_nombre_usuario) values ('Raynor', 'Paskins', 'rpaskins1', '8oeqOmO0iqmC', 1, 'gus94');
insert into admin_stock (nombre, apellido, nombre_usuario, clave, deposito_iddeposito, admin_sistema_nombre_usuario) values ('Sunny', 'McKeggie', 'smckeggie2', 'DWJMPNe5BOCg', 1, 'denise_dba');
insert into admin_stock (nombre, apellido, nombre_usuario, clave, deposito_iddeposito, admin_sistema_nombre_usuario) values ('Mareah', 'Woolaston', 'mwoolaston3', 'qc91ipc', 1, 'denise_dba');
insert into admin_stock (nombre, apellido, nombre_usuario, clave, deposito_iddeposito, admin_sistema_nombre_usuario) values ('Consuelo', 'Brizell', 'cbrizell4', 'JHUdcYL', 1, 'gus94');
insert into admin_stock (nombre, apellido, nombre_usuario, clave, deposito_iddeposito, admin_sistema_nombre_usuario) values ('Morgen', 'Clifton', 'mclifton5', 'FZGRcBMbz', 1, 'denise_dba');
insert into admin_stock (nombre, apellido, nombre_usuario, clave, deposito_iddeposito, admin_sistema_nombre_usuario) values ('Audry', 'Beckinsall', 'abeckinsall6', 'rrRFXdEws', 1, 'denise_dba');
insert into admin_stock (nombre, apellido, nombre_usuario, clave, deposito_iddeposito, admin_sistema_nombre_usuario) values ('Mattie', 'Cavey', 'mcavey7', 'mDvhkoYXEFGs', 1, 'denise_dba');
insert into admin_stock (nombre, apellido, nombre_usuario, clave, deposito_iddeposito, admin_sistema_nombre_usuario) values ('Frasco', 'Bearfoot', 'fbearfoot8', 'YSp1EMXI', 1, 'gus94');
insert into admin_stock (nombre, apellido, nombre_usuario, clave, deposito_iddeposito, admin_sistema_nombre_usuario) values ('El', 'Flori', 'eflori9', 'UGJwBFdaAGlo', 1, 'denise_dba');


insert into admin_ventas (nombre, apellido, nombre_usuario, clave, deposito_iddeposito, admin_sistema_nombre_usuario) values ('Katey', 'Rapelli', 'krapelli0', 'o2LHHD', 1, 'gus94');
insert into admin_ventas (nombre, apellido, nombre_usuario, clave, deposito_iddeposito, admin_sistema_nombre_usuario) values ('Jobey', 'Gresley', 'jgresley1', 'mqwuePR0Zw', 1, 'denise_dba');
insert into admin_ventas (nombre, apellido, nombre_usuario, clave, deposito_iddeposito, admin_sistema_nombre_usuario) values ('Catina', 'Accomb', 'caccomb2', 'CHaqxKsqNmGo', 1, 'gus94');
insert into admin_ventas (nombre, apellido, nombre_usuario, clave, deposito_iddeposito, admin_sistema_nombre_usuario) values ('Cyrillus', 'Streight', 'cstreight3', 'KRr3w9E2WG', 1, 'gus94');
insert into admin_ventas (nombre, apellido, nombre_usuario, clave, deposito_iddeposito, admin_sistema_nombre_usuario) values ('Martyn', 'Grovier', 'mgrovier4', 'uIMVxZc', 1, 'denise_dba');
insert into admin_ventas (nombre, apellido, nombre_usuario, clave, deposito_iddeposito, admin_sistema_nombre_usuario) values ('Deb', 'Patington', 'dpatington5', 'GW9JtUBkXiWe', 1, 'gus94');
insert into admin_ventas (nombre, apellido, nombre_usuario, clave, deposito_iddeposito, admin_sistema_nombre_usuario) values ('Horace', 'Kleinstub', 'hkleinstub6', 'gBE8ytDaPq', 1, 'gus94');
insert into admin_ventas (nombre, apellido, nombre_usuario, clave, deposito_iddeposito, admin_sistema_nombre_usuario) values ('Steven', 'Roussell', 'sroussell7', 'wnR8ASpCx', 1, 'denise_dba');
insert into admin_ventas (nombre, apellido, nombre_usuario, clave, deposito_iddeposito, admin_sistema_nombre_usuario) values ('Allan', 'Vescovini', 'avescovini8', 'K28sEv', 1, 'denise_dba');
insert into admin_ventas (nombre, apellido, nombre_usuario, clave, deposito_iddeposito, admin_sistema_nombre_usuario) values ('Matthias', 'Neilan', 'mneilan9', 'NWau75hGWk8', 1, 'gus94');


insert into material (tipo, pureza, cantidad, fecha_de_ingreso, deposito_iddeposito) values ('plata', 'alta', 95.09, '2019-06-04', 1);
insert into material (tipo, pureza, cantidad, fecha_de_ingreso, deposito_iddeposito) values ('oro', 'baja', 68.82, '2018-06-24', 1);
insert into material (tipo, pureza, cantidad, fecha_de_ingreso, deposito_iddeposito) values ('oro', 'media', 45.35, '2018-07-14', 1);
insert into material (tipo, pureza, cantidad, fecha_de_ingreso, deposito_iddeposito) values ('oro', 'baja', 61.79, '2018-11-12', 1);
insert into material (tipo, pureza, cantidad, fecha_de_ingreso, deposito_iddeposito) values ('cobre', 'baja', 60.45, '2018-07-25', 1);
insert into material (tipo, pureza, cantidad, fecha_de_ingreso, deposito_iddeposito) values ('plata', 'alta', 34.08, '2018-07-02', 1);
insert into material (tipo, pureza, cantidad, fecha_de_ingreso, deposito_iddeposito) values ('plata', 'media', 93.74, '2019-06-05', 1);
insert into material (tipo, pureza, cantidad, fecha_de_ingreso, deposito_iddeposito) values ('cobre', 'media', 9.18, '2019-01-03', 1);
insert into material (tipo, pureza, cantidad, fecha_de_ingreso, deposito_iddeposito) values ('plata', 'baja', 75.33, '2018-12-25', 1);
insert into material (tipo, pureza, cantidad, fecha_de_ingreso, deposito_iddeposito) values ('oro', 'media', 61.97, '2018-07-15', 1);
insert into material (tipo, pureza, cantidad, fecha_de_ingreso, deposito_iddeposito) values ('oro', 'baja', 75.37, '2018-11-01', 1);
insert into material (tipo, pureza, cantidad, fecha_de_ingreso, deposito_iddeposito) values ('cobre', 'media', 76.77, '2019-06-18', 1);
insert into material (tipo, pureza, cantidad, fecha_de_ingreso, deposito_iddeposito) values ('oro', 'media', 41.15, '2019-02-21', 1);
insert into material (tipo, pureza, cantidad, fecha_de_ingreso, deposito_iddeposito) values ('cobre', 'media', 27.81, '2019-01-30', 1);
insert into material (tipo, pureza, cantidad, fecha_de_ingreso, deposito_iddeposito) values ('plata', 'alta', 87.78, '2018-06-26', 1);
insert into material (tipo, pureza, cantidad, fecha_de_ingreso, deposito_iddeposito) values ('oro', 'alta', 23.82, '2018-11-07', 1);
insert into material (tipo, pureza, cantidad, fecha_de_ingreso, deposito_iddeposito) values ('oro', 'alta', 78.98, '2018-07-28', 1);
insert into material (tipo, pureza, cantidad, fecha_de_ingreso, deposito_iddeposito) values ('oro', 'media', 76.86, '2019-02-01', 1);
insert into material (tipo, pureza, cantidad, fecha_de_ingreso, deposito_iddeposito) values ('plata', 'alta', 55.4, '2018-10-14', 1);
insert into material (tipo, pureza, cantidad, fecha_de_ingreso, deposito_iddeposito) values ('oro', 'baja', 33.41, '2018-12-01', 1);
insert into material (tipo, pureza, cantidad, fecha_de_ingreso, deposito_iddeposito) values ('plata', 'media', 38.63, '2019-04-25', 1);
insert into material (tipo, pureza, cantidad, fecha_de_ingreso, deposito_iddeposito) values ('oro', 'media', 87.83, '2018-07-27', 1);
insert into material (tipo, pureza, cantidad, fecha_de_ingreso, deposito_iddeposito) values ('oro', 'baja', 21.08, '2019-03-16', 1);
insert into material (tipo, pureza, cantidad, fecha_de_ingreso, deposito_iddeposito) values ('oro', 'media', 29.0, '2018-08-27', 1);
insert into material (tipo, pureza, cantidad, fecha_de_ingreso, deposito_iddeposito) values ('oro', 'baja', 73.51, '2019-03-23', 1);
insert into material (tipo, pureza, cantidad, fecha_de_ingreso, deposito_iddeposito) values ('cobre', 'alta', 61.74, '2018-10-02', 1);
insert into material (tipo, pureza, cantidad, fecha_de_ingreso, deposito_iddeposito) values ('plata', 'baja', 91.2, '2019-01-27', 1);
insert into material (tipo, pureza, cantidad, fecha_de_ingreso, deposito_iddeposito) values ('plata', 'media', 66.38, '2019-05-26', 1);
insert into material (tipo, pureza, cantidad, fecha_de_ingreso, deposito_iddeposito) values ('plata', 'baja', 45.04, '2019-02-19', 1);
insert into material (tipo, pureza, cantidad, fecha_de_ingreso, deposito_iddeposito) values ('oro', 'baja', 49.44, '2019-04-10', 1);
insert into material (tipo, pureza, cantidad, fecha_de_ingreso, deposito_iddeposito) values ('plata', 'baja', 71.7, '2019-05-11', 1);
insert into material (tipo, pureza, cantidad, fecha_de_ingreso, deposito_iddeposito) values ('oro', 'baja', 84.39, '2019-02-22', 1);
insert into material (tipo, pureza, cantidad, fecha_de_ingreso, deposito_iddeposito) values ('oro', 'baja', 14.98, '2018-11-20', 1);
insert into material (tipo, pureza, cantidad, fecha_de_ingreso, deposito_iddeposito) values ('plata', 'baja', 71.8, '2018-12-13', 1);
insert into material (tipo, pureza, cantidad, fecha_de_ingreso, deposito_iddeposito) values ('oro', 'alta', 85.87, '2018-12-24', 1);
insert into material (tipo, pureza, cantidad, fecha_de_ingreso, deposito_iddeposito) values ('oro', 'baja', 39.96, '2018-12-19', 1);
insert into material (tipo, pureza, cantidad, fecha_de_ingreso, deposito_iddeposito) values ('oro', 'media', 2.11, '2018-08-04', 1);
insert into material (tipo, pureza, cantidad, fecha_de_ingreso, deposito_iddeposito) values ('cobre', 'alta', 43.57, '2019-04-11', 1);
insert into material (tipo, pureza, cantidad, fecha_de_ingreso, deposito_iddeposito) values ('plata', 'baja', 12.61, '2019-01-04', 1);
insert into material (tipo, pureza, cantidad, fecha_de_ingreso, deposito_iddeposito) values ('cobre', 'alta', 44.72, '2019-04-20', 1);
insert into material (tipo, pureza, cantidad, fecha_de_ingreso, deposito_iddeposito) values ('cobre', 'alta', 73.93, '2019-04-07', 1);
insert into material (tipo, pureza, cantidad, fecha_de_ingreso, deposito_iddeposito) values ('oro', 'alta', 8.63, '2019-02-28', 1);
insert into material (tipo, pureza, cantidad, fecha_de_ingreso, deposito_iddeposito) values ('plata', 'alta', 4.25, '2018-10-14', 1);
insert into material (tipo, pureza, cantidad, fecha_de_ingreso, deposito_iddeposito) values ('plata', 'baja', 23.48, '2018-06-26', 1);
insert into material (tipo, pureza, cantidad, fecha_de_ingreso, deposito_iddeposito) values ('cobre', 'baja', 36.7, '2018-08-31', 1);
insert into material (tipo, pureza, cantidad, fecha_de_ingreso, deposito_iddeposito) values ('oro', 'alta', 42.1, '2018-07-11', 1);
insert into material (tipo, pureza, cantidad, fecha_de_ingreso, deposito_iddeposito) values ('plata', 'baja', 5.43, '2018-10-29', 1);
insert into material (tipo, pureza, cantidad, fecha_de_ingreso, deposito_iddeposito) values ('oro', 'alta', 20.26, '2018-07-31', 1);
insert into material (tipo, pureza, cantidad, fecha_de_ingreso, deposito_iddeposito) values ('oro', 'media', 5.65, '2019-04-15', 1);
insert into material (tipo, pureza, cantidad, fecha_de_ingreso, deposito_iddeposito) values ('plata', 'baja', 2.32, '2018-08-19', 1);
insert into material (tipo, pureza, cantidad, fecha_de_ingreso, deposito_iddeposito) values ('plata', 'baja', 54.07, '2019-04-03', 1);
insert into material (tipo, pureza, cantidad, fecha_de_ingreso, deposito_iddeposito) values ('cobre', 'media', 25.96, '2019-05-01', 1);
insert into material (tipo, pureza, cantidad, fecha_de_ingreso, deposito_iddeposito) values ('plata', 'media', 47.74, '2019-06-08', 1);
insert into material (tipo, pureza, cantidad, fecha_de_ingreso, deposito_iddeposito) values ('cobre', 'baja', 43.89, '2019-04-30', 1);
insert into material (tipo, pureza, cantidad, fecha_de_ingreso, deposito_iddeposito) values ('oro', 'alta', 85.11, '2019-06-16', 1);
insert into material (tipo, pureza, cantidad, fecha_de_ingreso, deposito_iddeposito) values ('oro', 'alta', 6.02, '2018-10-13', 1);
insert into material (tipo, pureza, cantidad, fecha_de_ingreso, deposito_iddeposito) values ('plata', 'media', 47.46, '2018-06-19', 1);
insert into material (tipo, pureza, cantidad, fecha_de_ingreso, deposito_iddeposito) values ('oro', 'alta', 26.99, '2019-02-08', 1);
insert into material (tipo, pureza, cantidad, fecha_de_ingreso, deposito_iddeposito) values ('cobre', 'baja', 37.24, '2019-06-10', 1);
insert into material (tipo, pureza, cantidad, fecha_de_ingreso, deposito_iddeposito) values ('plata', 'alta', 53.76, '2018-09-10', 1);
insert into material (tipo, pureza, cantidad, fecha_de_ingreso, deposito_iddeposito) values ('plata', 'media', 28.58, '2018-07-13', 1);
insert into material (tipo, pureza, cantidad, fecha_de_ingreso, deposito_iddeposito) values ('oro', 'media', 40.87, '2018-08-04', 1);
insert into material (tipo, pureza, cantidad, fecha_de_ingreso, deposito_iddeposito) values ('oro', 'alta', 21.93, '2018-12-17', 1);
insert into material (tipo, pureza, cantidad, fecha_de_ingreso, deposito_iddeposito) values ('plata', 'baja', 2.46, '2018-10-21', 1);
insert into material (tipo, pureza, cantidad, fecha_de_ingreso, deposito_iddeposito) values ('plata', 'baja', 28.48, '2018-08-18', 1);
insert into material (tipo, pureza, cantidad, fecha_de_ingreso, deposito_iddeposito) values ('oro', 'alta', 93.21, '2019-03-08', 1);
insert into material (tipo, pureza, cantidad, fecha_de_ingreso, deposito_iddeposito) values ('plata', 'alta', 9.75, '2018-06-21', 1);
insert into material (tipo, pureza, cantidad, fecha_de_ingreso, deposito_iddeposito) values ('plata', 'alta', 99.47, '2018-12-06', 1);
insert into material (tipo, pureza, cantidad, fecha_de_ingreso, deposito_iddeposito) values ('cobre', 'media', 75.95, '2019-06-14', 1);
insert into material (tipo, pureza, cantidad, fecha_de_ingreso, deposito_iddeposito) values ('oro', 'baja', 98.43, '2019-01-18', 1);
insert into material (tipo, pureza, cantidad, fecha_de_ingreso, deposito_iddeposito) values ('oro', 'alta', 40.38, '2019-04-06', 1);
insert into material (tipo, pureza, cantidad, fecha_de_ingreso, deposito_iddeposito) values ('plata', 'alta', 92.26, '2018-07-28', 1);
insert into material (tipo, pureza, cantidad, fecha_de_ingreso, deposito_iddeposito) values ('oro', 'baja', 75.3, '2019-03-31', 1);
insert into material (tipo, pureza, cantidad, fecha_de_ingreso, deposito_iddeposito) values ('oro', 'alta', 13.37, '2018-11-15', 1);
insert into material (tipo, pureza, cantidad, fecha_de_ingreso, deposito_iddeposito) values ('oro', 'alta', 5.7, '2019-02-04', 1);
insert into material (tipo, pureza, cantidad, fecha_de_ingreso, deposito_iddeposito) values ('plata', 'baja', 66.31, '2019-03-11', 1);
insert into material (tipo, pureza, cantidad, fecha_de_ingreso, deposito_iddeposito) values ('plata', 'alta', 79.9, '2018-12-14', 1);
insert into material (tipo, pureza, cantidad, fecha_de_ingreso, deposito_iddeposito) values ('cobre', 'baja', 12.31, '2019-02-08', 1);
insert into material (tipo, pureza, cantidad, fecha_de_ingreso, deposito_iddeposito) values ('plata', 'alta', 1.84, '2018-06-25', 1);
insert into material (tipo, pureza, cantidad, fecha_de_ingreso, deposito_iddeposito) values ('cobre', 'baja', 41.91, '2018-08-19', 1);
insert into material (tipo, pureza, cantidad, fecha_de_ingreso, deposito_iddeposito) values ('cobre', 'baja', 61.93, '2019-03-10', 1);
insert into material (tipo, pureza, cantidad, fecha_de_ingreso, deposito_iddeposito) values ('cobre', 'baja', 49.8, '2019-05-23', 1);
insert into material (tipo, pureza, cantidad, fecha_de_ingreso, deposito_iddeposito) values ('oro', 'baja', 95.68, '2018-09-30', 1);
insert into material (tipo, pureza, cantidad, fecha_de_ingreso, deposito_iddeposito) values ('oro', 'alta', 72.63, '2019-01-08', 1);
insert into material (tipo, pureza, cantidad, fecha_de_ingreso, deposito_iddeposito) values ('cobre', 'alta', 41.51, '2018-12-02', 1);
insert into material (tipo, pureza, cantidad, fecha_de_ingreso, deposito_iddeposito) values ('oro', 'media', 97.18, '2018-09-25', 1);
insert into material (tipo, pureza, cantidad, fecha_de_ingreso, deposito_iddeposito) values ('cobre', 'media', 78.43, '2019-02-07', 1);
insert into material (tipo, pureza, cantidad, fecha_de_ingreso, deposito_iddeposito) values ('cobre', 'alta', 14.79, '2019-01-10', 1);
insert into material (tipo, pureza, cantidad, fecha_de_ingreso, deposito_iddeposito) values ('cobre', 'baja', 59.62, '2018-10-15', 1);
insert into material (tipo, pureza, cantidad, fecha_de_ingreso, deposito_iddeposito) values ('cobre', 'alta', 66.89, '2018-10-31', 1);
insert into material (tipo, pureza, cantidad, fecha_de_ingreso, deposito_iddeposito) values ('cobre', 'baja', 6.76, '2018-06-19', 1);
insert into material (tipo, pureza, cantidad, fecha_de_ingreso, deposito_iddeposito) values ('cobre', 'media', 34.96, '2018-12-19', 1);
insert into material (tipo, pureza, cantidad, fecha_de_ingreso, deposito_iddeposito) values ('plata', 'alta', 86.73, '2019-06-12', 1);
insert into material (tipo, pureza, cantidad, fecha_de_ingreso, deposito_iddeposito) values ('plata', 'media', 70.16, '2018-07-19', 1);
insert into material (tipo, pureza, cantidad, fecha_de_ingreso, deposito_iddeposito) values ('cobre', 'alta', 38.59, '2019-01-08', 1);
insert into material (tipo, pureza, cantidad, fecha_de_ingreso, deposito_iddeposito) values ('plata', 'baja', 43.85, '2018-12-24', 1);
insert into material (tipo, pureza, cantidad, fecha_de_ingreso, deposito_iddeposito) values ('plata', 'alta', 65.29, '2018-11-26', 1);
insert into material (tipo, pureza, cantidad, fecha_de_ingreso, deposito_iddeposito) values ('cobre', 'alta', 11.59, '2018-10-05', 1);
insert into material (tipo, pureza, cantidad, fecha_de_ingreso, deposito_iddeposito) values ('cobre', 'alta', 82.43, '2019-03-22', 1);
insert into material (tipo, pureza, cantidad, fecha_de_ingreso, deposito_iddeposito) values ('cobre', 'baja', 2.35, '2018-10-02', 1);


insert into cliente (idcliente, nombre, apellido, telefono, admin_ventas_nombre_usuario) values (1, 'Carolina', 'Galpin', '+46 360 482 2212', 'cstreight3');
insert into cliente (idcliente, nombre, apellido, telefono, admin_ventas_nombre_usuario) values (2, 'Deane', 'Gainsbury', '+380 215 967 4312', 'avescovini8');
insert into cliente (idcliente, nombre, apellido, telefono, admin_ventas_nombre_usuario) values (3, 'Ignazio', 'Lesslie', '+86 451 543 2531', 'avescovini8');
insert into cliente (idcliente, nombre, apellido, telefono, admin_ventas_nombre_usuario) values (4, 'Gustie', 'Stailey', '+298 658 776 8853', 'jgresley1');
insert into cliente (idcliente, nombre, apellido, telefono, admin_ventas_nombre_usuario) values (5, 'Lilyan', 'Ackeroyd', '+86 248 718 3867', 'mgrovier4');
insert into cliente (idcliente, nombre, apellido, telefono, admin_ventas_nombre_usuario) values (6, 'Carlyn', 'Blewis', '+86 626 614 6647', 'jgresley1');
insert into cliente (idcliente, nombre, apellido, telefono, admin_ventas_nombre_usuario) values (7, 'Tabatha', 'Bras', '+252 288 343 5664', 'caccomb2');
insert into cliente (idcliente, nombre, apellido, telefono, admin_ventas_nombre_usuario) values (8, 'Darby', 'Kentwell', '+62 991 318 4099', 'dpatington5');
insert into cliente (idcliente, nombre, apellido, telefono, admin_ventas_nombre_usuario) values (9, 'Rafferty', 'Nesbit', '+55 985 433 0089', 'avescovini8');
insert into cliente (idcliente, nombre, apellido, telefono, admin_ventas_nombre_usuario) values (10, 'Howey', 'Rosini', '+62 631 399 1176', 'mneilan9');


insert into direccion (iddireccion, calle, numero, codigo_postal, ciudad, cliente_idcliente) values (1, 'Vermont', '37675', 4987, 'Sutton', 1);
insert into direccion (iddireccion, calle, numero, codigo_postal, ciudad, cliente_idcliente) values (2, 'Village', '05', 1354, 'Valašská Bystřice', 2);
insert into direccion (iddireccion, calle, numero, codigo_postal, ciudad, cliente_idcliente) values (3, 'Hoepker', '1786', 1654, 'Yuncheng', 3);
insert into direccion (iddireccion, calle, numero, codigo_postal, ciudad, cliente_idcliente) values (4, 'Bashford', '8', 7315, 'Timahankrajan', 4);
insert into direccion (iddireccion, calle, numero, codigo_postal, ciudad, cliente_idcliente) values (5, 'Blue Bill Park', '2', 6315, 'Limatambo', 5);
insert into direccion (iddireccion, calle, numero, codigo_postal, ciudad, cliente_idcliente) values (6, 'Hayes', '91', 4752, 'Inongo', 6);
insert into direccion (iddireccion, calle, numero, codigo_postal, ciudad, cliente_idcliente) values (7, 'West', '00', 6541, 'Baibu', 7);
insert into direccion (iddireccion, calle, numero, codigo_postal, ciudad, cliente_idcliente) values (8, 'Meadow Valley', '58392', 6849, 'Negoslavci', 8);
insert into direccion (iddireccion, calle, numero, codigo_postal, ciudad, cliente_idcliente) values (9, 'Sloan', '38495', 6331, 'Toyama-shi', 9);
insert into direccion (iddireccion, calle, numero, codigo_postal, ciudad, cliente_idcliente) values (10, 'Roth', '6278', 4638, 'Ebaye', 10);


insert into material_pedido (idmaterial, tipo, pureza, cantidad, precio_base) values (1, 'oro', 'baja', 617, 100000);
insert into material_pedido (idmaterial, tipo, pureza, cantidad, precio_base) values (2, 'oro', 'baja', 143, 100000);
insert into material_pedido (idmaterial, tipo, pureza, cantidad, precio_base) values (3, 'oro', 'baja', 816, 100000);
insert into material_pedido (idmaterial, tipo, pureza, cantidad, precio_base) values (4, 'oro', 'media', 846, 100000);
insert into material_pedido (idmaterial, tipo, pureza, cantidad, precio_base) values (5, 'oro', 'baja', 689, 100000);
insert into material_pedido (idmaterial, tipo, pureza, cantidad, precio_base) values (6, 'oro', 'alta', 716, 100000);
insert into material_pedido (idmaterial, tipo, pureza, cantidad, precio_base) values (7, 'oro', 'alta', 481, 100000);
insert into material_pedido (idmaterial, tipo, pureza, cantidad, precio_base) values (8, 'oro', 'baja', 827, 100000);
insert into material_pedido (idmaterial, tipo, pureza, cantidad, precio_base) values (9, 'oro', 'alta', 41, 100000);
insert into material_pedido (idmaterial, tipo, pureza, cantidad, precio_base) values (10, 'oro', 'baja', 881, 100000);

insert into pedido (idpedido, fecha, total, admin_ventas_nombre_usuario, cliente_idcliente, material_pedido_idmaterial) values (1, '2022-01-17', null, 'jgresley1', 4, 1);
insert into pedido (idpedido, fecha, total, admin_ventas_nombre_usuario, cliente_idcliente, material_pedido_idmaterial) values (2, '2022-03-30', null, 'krapelli0', 10, 2);
insert into pedido (idpedido, fecha, total, admin_ventas_nombre_usuario, cliente_idcliente, material_pedido_idmaterial) values (3, '2022-03-23', null, 'mgrovier4', 6, 3);
insert into pedido (idpedido, fecha, total, admin_ventas_nombre_usuario, cliente_idcliente, material_pedido_idmaterial) values (4, '2022-08-24', null, 'dpatington5', 9, 4);
insert into pedido (idpedido, fecha, total, admin_ventas_nombre_usuario, cliente_idcliente, material_pedido_idmaterial) values (5, '2022-11-01', null, 'caccomb2', 3, 5);
insert into pedido (idpedido, fecha, total, admin_ventas_nombre_usuario, cliente_idcliente, material_pedido_idmaterial) values (6, '2022-06-16', null, 'jgresley1', 3, 6);
insert into pedido (idpedido, fecha, total, admin_ventas_nombre_usuario, cliente_idcliente, material_pedido_idmaterial) values (7, '2022-04-10', null, 'caccomb2', 9, 7);
insert into pedido (idpedido, fecha, total, admin_ventas_nombre_usuario, cliente_idcliente, material_pedido_idmaterial) values (8, '2022-07-29', null, 'caccomb2', 5, 8);
insert into pedido (idpedido, fecha, total, admin_ventas_nombre_usuario, cliente_idcliente, material_pedido_idmaterial) values (9, '2022-09-07', null, 'mneilan9', 9, 9);
insert into pedido (idpedido, fecha, total, admin_ventas_nombre_usuario, cliente_idcliente, material_pedido_idmaterial) values (10, '2022-10-23', null, 'jgresley1', 5, 10);

